<archive xmlns="http://rs.tdwg.org/dwc/text/" metadata="eml.xml">
  <core encoding="UTF-8" fieldsTerminatedBy="\t" linesTerminatedBy="\n" fieldsEnclosedBy="" ignoreHeaderLines="1" rowType="http://rs.tdwg.org/dwc/terms/Taxon">
    <files>
      <location>taxon.txt</location>
    </files>
    <id index="0" />
    <field index="1" term="http://rs.tdwg.org/dwc/terms/taxonID"/>
    <field index="2" term="http://rs.tdwg.org/dwc/terms/acceptedNameUsageID"/>
    <field index="3" term="http://rs.tdwg.org/dwc/terms/parentNameUsageID"/>
    <field index="4" term="http://rs.tdwg.org/dwc/terms/scientificName"/>
    <field index="5" term="http://rs.tdwg.org/dwc/terms/kingdom"/>
    <field index="6" term="http://rs.tdwg.org/dwc/terms/phylum"/>
    <field index="7" term="http://rs.tdwg.org/dwc/terms/class"/>
    <field index="8" term="http://rs.tdwg.org/dwc/terms/order"/>
    <field index="9" term="http://rs.tdwg.org/dwc/terms/family"/>
    <field index="10" term="http://rs.tdwg.org/dwc/terms/genus"/>
    <field index="11" term="http://rs.tdwg.org/dwc/terms/subgenus"/>
    <field index="12" term="http://rs.tdwg.org/dwc/terms/specificEpithet"/>
    <field index="13" term="http://rs.tdwg.org/dwc/terms/infraspecificEpithet"/>
    <field index="14" term="http://rs.tdwg.org/dwc/terms/taxonRank"/>
    <field index="15" term="http://rs.tdwg.org/dwc/terms/vernacularName"/>
  </core>
  <extension encoding="UTF-8" fieldsTerminatedBy="\t" linesTerminatedBy="\n" fieldsEnclosedBy="" ignoreHeaderLines="1" rowType="http://purl.org/plic/terms/3.2.1/PlinianCore">
    <files>
      <location>plinian_core.txt</location>
    </files>
    <coreid index="0" />
    <field index="1" term="http://purl.org/plic/terms/TaxonRecordID"/>
    <field index="2" term="http://purl.org/plic/terms/GlobalUniqueIdentifier"/>
    <field index="3" term="http://purl.org/plic/terms/Abstract"/>
    <field index="4" term="http://purl.org/plic/terms/Language"/>
    <field index="5" term="http://purl.org/plic/terms/AudiencesUnstructured"/>
    <field index="6" term="http://purl.org/plic/terms/SynonymsUnstructured"/>
    <field index="7" term="http://purl.org/plic/terms/DetailUnstructured"/>
    <field index="8" term="http://purl.org/plic/terms/BriefDescription"/>
    <field index="9" term="http://purl.org/plic/terms/FullDescriptionUnstructured"/>
    <field index="10" term="http://purl.org/plic/terms/Keys"/>
    <field index="11" term="http://purl.org/plic/terms/LifeFormUnstructured"/>
    <field index="12" term="http://purl.org/plic/terms/LifeCycleUnstructured"/>
    <field index="13" term="http://purl.org/plic/terms/ReproductionUnstructured"/>
    <field index="14" term="http://purl.org/plic/terms/Event"/>
    <field index="15" term="http://purl.org/plic/terms/StartTimeInterval"/>
    <field index="16" term="http://purl.org/plic/terms/EndTimeInterval"/>
    <field index="17" term="http://purl.org/plic/terms/AnnualCycleUnstructured"/>
    <field index="18" term="http://purl.org/plic/terms/FeedingType"/>
    <field index="19" term="http://purl.org/plic/terms/TrophicStrategy"/>
    <field index="20" term="http://purl.org/plic/terms/TrophicStrategyRemarks"/>
    <field index="21" term="http://purl.org/plic/terms/FeedingUnstructured"/>
    <field index="22" term="http://purl.org/plic/terms/DispersalType"/>
    <field index="23" term="http://purl.org/plic/terms/StructureDispersed"/>
    <field index="24" term="http://purl.org/plic/terms/DispersalUnstructured"/>
    <field index="25" term="http://purl.org/plic/terms/BehaviorUnstructured"/>
    <field index="26" term="http://purl.org/plic/terms/InteractionSpeciesType"/>
    <field index="27" term="http://purl.org/plic/terms/InteractionUnstructured"/>
    <field index="28" term="http://purl.org/plic/terms/MolecularDataUnstructured"/>
    <field index="29" term="http://purl.org/plic/terms/MigratoryUnstructured"/>
    <field index="30" term="http://purl.org/plic/terms/EcologicalSignificanceUnstructured"/>
    <field index="31" term="http://purl.org/plic/terms/EnvironmentalEnvelopeUnstructured"/>
    <field index="32" term="http://purl.org/plic/terms/WhatImpact"/>
    <field index="33" term="http://purl.org/plic/terms/Vector"/>
    <field index="34" term="http://purl.org/plic/terms/Route"/>
    <field index="35" term="http://purl.org/plic/terms/impactTarget"/>
    <field index="36" term="http://purl.org/plic/terms/impactMechanism"/>
    <field index="37" term="http://purl.org/plic/terms/InvasivenessUnstructured"/>
    <field index="38" term="http://purl.org/plic/terms/HabitatUnstructured"/>
    <field index="39" term="http://purl.org/plic/terms/DistributionUnstructured"/>
    <field index="40" term="http://purl.org/plic/terms/EndemicUnstructured"/>
    <field index="41" term="http://purl.org/plic/terms/TerritoryUnstructured"/>
    <field index="42" term="http://purl.org/plic/terms/PopulationBiologyUnstructured"/>
    <field index="43" term="http://purl.org/plic/terms/ThreatStatusUnstructured"/>
    <field index="44" term="http://purl.org/plic/terms/DirectThreatUnstructured"/>
    <field index="45" term="http://purl.org/plic/terms/LegislationUnstructured"/>
    <field index="46" term="http://purl.org/plic/terms/UsesUnstructured"/>
    <field index="47" term="http://purl.org/plic/terms/ManagementAndConservationUnstructured"/>
  </extension>
</archive>
